id,type,ip_address,input_rate_5m,output_rate_5m,status,device_id
1,TenGigabit,55.162.95.212,63282,197680,down,62c59176cfdaed0ba7588825
2,Tunnel,136.107.162.174,901321,229228,down,62c5916f338621eece4aa765
3,Gigabit,42.15.30.116,497505,335339,down,62c59161d23599b198bf0fa0
4,TenGigabit,79.241.183.33,614690,218865,up,62c59176cfdaed0ba7588825
5,Tunnel,244.31.89.176,705451,277944,down,62c5916f338621eece4aa765
6,TenGigabit,120.240.92.121,181566,676023,down,62c59161d23599b198bf0fa0
7,Gigabit,34.125.85.80,328626,307389,up,62c5918230111335164ffccb
8,TenGigabit,27.106.75.164,113402,116352,down,62c59176cfdaed0ba7588825
9,TenGigabit,232.221.36.121,324270,415897,down,62c59161d23599b198bf0fa0
10,TenGigabit,26.214.237.9,909170,642336,down,62c5918230111335164ffccb
11,TenGigabit,210.81.133.228,677553,839769,up,62c5916f338621eece4aa765
12,Tunnel,71.185.143.240,563376,130981,down,62c59161d23599b198bf0fa0
13,Gigabit,215.205.9.25,385208,757588,down,62c5918230111335164ffccb
14,Gigabit,158.68.231.145,238798,596254,up,62c59176cfdaed0ba7588825
15,Gigabit,49.195.121.133,860955,118841,up,62c5917de1c55948d35017d8
16,Tunnel,136.89.1.230,928790,446959,up,62c59161d23599b198bf0fa0
17,TenGigabit,49.30.67.235,807622,882500,up,62c5918230111335164ffccb
18,Gigabit,57.58.227.171,18250,581358,down,62c59161d23599b198bf0fa0
19,TenGigabit,13.104.241.63,789596,593717,up,62c5916f338621eece4aa765
20,TenGigabit,112.62.8.30,63975,973647,up,62c59176cfdaed0ba7588825
21,TenGigabit,154.126.237.122,307323,678250,up,62c59161d23599b198bf0fa0
22,Gigabit,157.246.114.160,734854,458460,up,62c59161d23599b198bf0fa0
23,TenGigabit,123.12.250.169,47595,831900,down,62c5916f338621eece4aa765
24,Gigabit,131.41.138.158,846364,986738,up,62c5916f338621eece4aa765
25,Tunnel,113.132.254.100,743147,891331,down,62c59161d23599b198bf0fa0
26,TenGigabit,19.12.202.180,985555,664082,up,62c59189dd43c90f89d5c9ff
27,TenGigabit,57.188.204.70,729177,577685,up,62c5916f338621eece4aa765
28,Gigabit,179.154.139.251,657321,38448,up,62c59189dd43c90f89d5c9ff
29,Tunnel,171.199.101.196,357916,193733,up,62c59161d23599b198bf0fa0
30,Gigabit,24.7.239.15,997933,737346,down,62c59176cfdaed0ba7588825
31,TenGigabit,98.51.205.240,452767,836770,up,62c59189dd43c90f89d5c9ff
32,Tunnel,163.233.128.99,801405,486809,up,62c5918230111335164ffccb
33,Tunnel,81.87.132.174,825790,165225,up,62c5918230111335164ffccb
34,Tunnel,10.196.79.58,850155,966772,down,62c59161d23599b198bf0fa0
35,Gigabit,119.32.154.46,34192,509506,up,62c5917de1c55948d35017d8
36,Gigabit,65.63.203.159,243788,968568,down,62c5916f338621eece4aa765
37,Gigabit,58.157.32.107,774674,718960,up,62c59161d23599b198bf0fa0
38,Tunnel,36.5.88.52,891915,600254,up,62c59161d23599b198bf0fa0
39,TenGigabit,90.59.83.28,871097,966168,up,62c5917de1c55948d35017d8
40,Tunnel,1.95.64.14,240205,651454,down,62c59189dd43c90f89d5c9ff
41,TenGigabit,126.30.157.182,783893,28471,down,62c59189dd43c90f89d5c9ff
42,Gigabit,200.107.87.236,369921,537564,up,62c59161d23599b198bf0fa0
43,TenGigabit,132.140.91.231,928794,617134,down,62c5916f338621eece4aa765
44,Gigabit,61.195.5.89,533158,151296,down,62c59176cfdaed0ba7588825
45,Tunnel,198.120.137.54,729920,117790,down,62c5916f338621eece4aa765
46,Gigabit,33.24.10.83,277580,426225,down,62c5917de1c55948d35017d8
47,TenGigabit,140.67.186.153,908054,509410,down,62c5916f338621eece4aa765
48,TenGigabit,128.113.228.201,444689,219999,down,62c5918230111335164ffccb
49,Tunnel,137.127.191.253,331768,584074,down,62c5916f338621eece4aa765
50,TenGigabit,33.150.1.234,36535,675645,up,62c59176cfdaed0ba7588825
51,Tunnel,114.177.147.1,538566,311483,up,62c5918230111335164ffccb
52,Tunnel,111.68.122.251,306808,817491,down,62c5918230111335164ffccb
53,Tunnel,193.90.105.118,229447,367415,down,62c5916f338621eece4aa765
54,Gigabit,203.98.193.64,602789,260285,up,62c59161d23599b198bf0fa0
55,Tunnel,118.78.118.146,718988,291260,up,62c5916f338621eece4aa765
56,Gigabit,133.149.200.144,400589,75837,up,62c59189dd43c90f89d5c9ff
57,Gigabit,92.118.246.230,487015,556481,up,62c59176cfdaed0ba7588825
58,Gigabit,58.101.217.102,445306,108545,up,62c59176cfdaed0ba7588825
59,Gigabit,136.153.176.78,901897,903099,up,62c59189dd43c90f89d5c9ff
60,Tunnel,104.9.189.65,168853,598620,down,62c5918230111335164ffccb
61,Tunnel,236.38.205.31,279228,714557,up,62c59189dd43c90f89d5c9ff
62,Tunnel,40.171.43.175,840921,261538,up,62c5916f338621eece4aa765
63,Gigabit,157.70.46.66,281713,563441,down,62c5916f338621eece4aa765
64,Tunnel,216.219.183.7,850119,232528,up,62c59161d23599b198bf0fa0
65,Tunnel,197.13.243.221,41450,779601,down,62c5917de1c55948d35017d8
66,Gigabit,185.156.80.175,616538,481490,up,62c5918230111335164ffccb
67,Gigabit,167.183.92.36,675544,12098,down,62c5918230111335164ffccb
68,TenGigabit,253.118.21.95,856071,461817,up,62c5917de1c55948d35017d8
69,Gigabit,98.230.213.148,867808,514959,down,62c5916f338621eece4aa765
70,Gigabit,11.70.28.235,901233,190706,down,62c59176cfdaed0ba7588825
71,TenGigabit,69.132.0.27,669250,235752,up,62c5916f338621eece4aa765
72,Tunnel,34.214.198.12,2978,384549,down,62c59176cfdaed0ba7588825
73,TenGigabit,248.8.40.60,69831,991743,up,62c5917de1c55948d35017d8
74,TenGigabit,107.188.11.37,303452,758290,down,62c59176cfdaed0ba7588825
75,TenGigabit,101.30.89.11,424750,911082,down,62c59189dd43c90f89d5c9ff
76,Gigabit,213.41.89.125,614237,773867,up,62c5918230111335164ffccb
77,TenGigabit,48.49.108.20,576718,383878,up,62c5918230111335164ffccb
78,TenGigabit,139.98.32.132,349483,623083,down,62c59176cfdaed0ba7588825
79,Gigabit,99.25.162.136,267187,546861,up,62c59176cfdaed0ba7588825
80,Gigabit,149.217.184.68,788715,134762,down,62c5918230111335164ffccb
81,Tunnel,65.126.200.224,237756,646452,up,62c59161d23599b198bf0fa0
82,Tunnel,175.39.39.5,617921,313185,up,62c59161d23599b198bf0fa0
83,Tunnel,4.247.22.88,443345,266360,up,62c59161d23599b198bf0fa0
84,Gigabit,103.53.1.201,640413,763962,down,62c59176cfdaed0ba7588825
85,Gigabit,44.73.57.59,174092,106039,up,62c59161d23599b198bf0fa0
86,Tunnel,10.19.84.192,115074,94346,up,62c59176cfdaed0ba7588825
87,Tunnel,161.139.5.234,624844,793338,down,62c5916f338621eece4aa765
88,TenGigabit,174.145.188.252,446913,240661,down,62c5916f338621eece4aa765
89,Tunnel,12.67.95.128,566975,414271,up,62c5916f338621eece4aa765
90,Gigabit,121.159.199.247,296909,80231,down,62c5918230111335164ffccb
91,Tunnel,126.234.206.20,487123,414638,down,62c59161d23599b198bf0fa0
92,TenGigabit,182.193.219.21,795023,372496,up,62c59189dd43c90f89d5c9ff
93,Tunnel,121.35.63.24,868091,184746,up,62c59161d23599b198bf0fa0
94,TenGigabit,45.76.243.38,801669,1560,up,62c5916f338621eece4aa765
95,TenGigabit,123.142.255.50,390805,214812,down,62c5917de1c55948d35017d8
96,Tunnel,118.101.151.105,357395,984396,up,62c5918230111335164ffccb
97,Gigabit,161.69.102.180,382720,152045,down,62c5916f338621eece4aa765
98,Gigabit,132.182.48.56,398533,246782,up,62c5917de1c55948d35017d8
99,TenGigabit,124.158.226.67,547378,769118,down,62c5916f338621eece4aa765
100,Tunnel,49.61.42.52,746997,116921,down,62c5917de1c55948d35017d8
101,Tunnel,243.33.121.93,180149,903767,down,62c59189dd43c90f89d5c9ff
102,Gigabit,235.232.241.227,298019,363522,down,62c5917de1c55948d35017d8
103,Gigabit,6.203.216.98,258004,266341,down,62c5917de1c55948d35017d8
104,Gigabit,229.153.81.90,292979,94592,down,62c59161d23599b198bf0fa0
105,Tunnel,68.22.94.230,803708,265181,up,62c59176cfdaed0ba7588825
106,Gigabit,70.120.90.224,986014,180756,down,62c5917de1c55948d35017d8
107,Gigabit,105.46.114.46,957940,295635,down,62c5918230111335164ffccb
108,Tunnel,119.53.146.43,546810,238455,up,62c5917de1c55948d35017d8
109,Tunnel,240.176.181.65,50127,969588,up,62c5918230111335164ffccb
110,Gigabit,195.221.173.154,189735,828638,down,62c5916f338621eece4aa765
111,Tunnel,162.239.19.43,871087,724246,up,62c5918230111335164ffccb
112,Gigabit,201.185.94.16,427867,788870,down,62c59176cfdaed0ba7588825
113,Gigabit,81.208.147.31,410429,536755,down,62c59176cfdaed0ba7588825
114,TenGigabit,83.53.33.170,70426,495854,up,62c5916f338621eece4aa765
115,Gigabit,220.29.114.62,135070,873720,down,62c59161d23599b198bf0fa0
116,Gigabit,184.240.237.115,339356,72784,up,62c5916f338621eece4aa765
117,Tunnel,124.90.144.247,349965,687558,down,62c59189dd43c90f89d5c9ff
118,Tunnel,130.223.70.155,546361,481227,down,62c59189dd43c90f89d5c9ff
119,Tunnel,217.49.58.27,882548,28933,down,62c5916f338621eece4aa765
120,TenGigabit,175.88.140.137,947971,416248,down,62c5917de1c55948d35017d8
121,TenGigabit,52.91.91.94,434650,901237,up,62c5916f338621eece4aa765
122,TenGigabit,197.127.128.158,269657,828274,down,62c5916f338621eece4aa765
123,TenGigabit,122.137.85.179,322389,330022,up,62c59176cfdaed0ba7588825
124,TenGigabit,244.137.186.122,473067,673401,down,62c5917de1c55948d35017d8
125,Gigabit,46.157.152.160,558309,197480,up,62c5916f338621eece4aa765
126,Tunnel,194.172.39.70,799937,177486,down,62c5918230111335164ffccb
127,TenGigabit,160.125.85.251,552181,724633,down,62c5918230111335164ffccb
128,TenGigabit,209.41.155.235,980731,600756,up,62c5918230111335164ffccb
129,TenGigabit,23.153.110.34,810491,169679,up,62c59176cfdaed0ba7588825
130,Tunnel,142.27.177.174,536279,388246,down,62c5917de1c55948d35017d8
131,TenGigabit,153.200.249.212,703298,978794,down,62c5917de1c55948d35017d8
132,TenGigabit,139.166.167.156,229444,553329,down,62c5917de1c55948d35017d8
133,TenGigabit,148.236.219.211,315080,655980,down,62c5916f338621eece4aa765
134,TenGigabit,177.99.101.159,680712,687356,up,62c59161d23599b198bf0fa0
135,Tunnel,235.80.193.220,737394,664176,up,62c5916f338621eece4aa765
136,TenGigabit,178.61.185.132,6916,442972,up,62c5918230111335164ffccb
137,Gigabit,170.141.254.1,646361,19824,down,62c59189dd43c90f89d5c9ff
138,TenGigabit,229.104.97.232,61434,443498,up,62c5918230111335164ffccb
139,Tunnel,240.235.157.113,674721,188752,down,62c5917de1c55948d35017d8
140,Gigabit,117.31.152.113,979294,50257,down,62c59161d23599b198bf0fa0
141,Gigabit,169.37.113.168,544089,60758,up,62c59189dd43c90f89d5c9ff
142,Tunnel,32.37.39.21,533439,157737,up,62c5918230111335164ffccb
143,Gigabit,92.13.23.138,812589,828248,up,62c59189dd43c90f89d5c9ff
144,Tunnel,57.82.247.208,216797,538003,up,62c59176cfdaed0ba7588825
145,TenGigabit,57.85.130.109,907708,219994,down,62c59161d23599b198bf0fa0
146,TenGigabit,110.187.249.181,291896,282470,down,62c5917de1c55948d35017d8
147,Gigabit,12.82.146.2,766853,785246,up,62c5916f338621eece4aa765
148,Gigabit,131.135.237.191,721524,716773,down,62c59189dd43c90f89d5c9ff
149,TenGigabit,128.59.175.116,269178,746083,up,62c59189dd43c90f89d5c9ff
150,Tunnel,153.81.126.133,843864,857861,up,62c5917de1c55948d35017d8
151,Tunnel,213.185.81.222,234034,907377,up,62c5917de1c55948d35017d8
152,Tunnel,95.191.83.76,90822,54499,down,62c5916f338621eece4aa765
153,TenGigabit,17.150.142.95,49470,178749,up,62c59161d23599b198bf0fa0
154,Tunnel,211.124.55.68,457427,407897,down,62c59176cfdaed0ba7588825
155,Tunnel,33.172.155.176,952813,994030,down,62c59189dd43c90f89d5c9ff
156,Tunnel,208.195.71.34,188211,675805,down,62c5917de1c55948d35017d8
157,Tunnel,212.16.126.246,451871,355880,down,62c5917de1c55948d35017d8
158,Gigabit,104.91.212.139,94199,454124,up,62c5916f338621eece4aa765
159,Gigabit,233.81.75.229,353531,183888,down,62c59161d23599b198bf0fa0
160,Tunnel,0.64.168.105,606063,79039,up,62c59161d23599b198bf0fa0
161,Gigabit,96.223.30.28,356271,254494,up,62c5917de1c55948d35017d8
162,TenGigabit,160.217.170.204,610573,829355,up,62c5918230111335164ffccb
163,Tunnel,218.62.6.175,711129,784791,up,62c59161d23599b198bf0fa0
164,Tunnel,34.69.75.103,734535,648921,down,62c5918230111335164ffccb
165,Gigabit,108.184.37.139,11875,319941,down,62c59176cfdaed0ba7588825
166,TenGigabit,230.4.151.186,639377,304103,down,62c5917de1c55948d35017d8
167,TenGigabit,207.210.244.228,197718,409581,down,62c5916f338621eece4aa765
168,Tunnel,169.139.73.45,124331,638745,up,62c5916f338621eece4aa765
169,Tunnel,172.92.100.19,495777,994948,down,62c5918230111335164ffccb
170,Gigabit,250.147.210.76,693491,441994,up,62c59176cfdaed0ba7588825
171,TenGigabit,5.176.25.255,275569,947612,down,62c5916f338621eece4aa765
172,TenGigabit,32.207.232.216,148267,748009,down,62c5916f338621eece4aa765
173,Tunnel,168.182.153.112,371155,121123,up,62c59176cfdaed0ba7588825
174,TenGigabit,35.120.211.178,879259,102,up,62c59161d23599b198bf0fa0
175,Tunnel,247.226.65.12,482318,51770,up,62c59176cfdaed0ba7588825
176,TenGigabit,1.243.255.95,810243,766660,down,62c5916f338621eece4aa765
177,Tunnel,174.102.21.208,294331,289815,up,62c5917de1c55948d35017d8
178,TenGigabit,161.28.170.227,995328,343724,up,62c59161d23599b198bf0fa0
179,Tunnel,71.91.27.47,320242,787693,down,62c59189dd43c90f89d5c9ff
180,Gigabit,137.253.149.62,641870,923889,up,62c59176cfdaed0ba7588825
181,Tunnel,117.186.57.81,765447,193802,down,62c59176cfdaed0ba7588825
182,Gigabit,94.8.34.31,378615,151428,down,62c59176cfdaed0ba7588825
183,Gigabit,246.3.115.38,47654,484224,up,62c5916f338621eece4aa765
184,Gigabit,85.237.76.253,474829,418359,down,62c59161d23599b198bf0fa0
185,Gigabit,86.67.81.211,950845,83311,down,62c59161d23599b198bf0fa0
186,Tunnel,24.168.160.21,757754,869753,up,62c59176cfdaed0ba7588825
187,TenGigabit,123.159.41.229,154685,502724,down,62c59176cfdaed0ba7588825
188,Gigabit,3.34.46.93,905428,491221,up,62c59189dd43c90f89d5c9ff
189,TenGigabit,46.100.207.55,105233,348983,down,62c59176cfdaed0ba7588825
190,Tunnel,50.154.213.146,195253,484061,up,62c59176cfdaed0ba7588825
191,TenGigabit,73.73.225.35,11259,652007,down,62c5917de1c55948d35017d8
192,Tunnel,146.158.147.195,280813,550411,up,62c5917de1c55948d35017d8
193,Tunnel,200.13.112.116,852108,739847,up,62c5917de1c55948d35017d8
194,Tunnel,143.238.0.138,334812,412088,down,62c5917de1c55948d35017d8
195,TenGigabit,240.159.226.200,943428,480888,up,62c59161d23599b198bf0fa0
196,Gigabit,43.92.81.206,692869,454164,up,62c59161d23599b198bf0fa0
197,Tunnel,3.249.31.251,761120,667642,up,62c59189dd43c90f89d5c9ff
198,Gigabit,75.127.240.8,92188,58360,up,62c59189dd43c90f89d5c9ff
199,TenGigabit,11.65.159.106,293682,938323,up,62c5916f338621eece4aa765
200,Tunnel,26.183.28.168,902632,706492,up,62c5917de1c55948d35017d8
201,Gigabit,78.19.106.231,864504,713325,up,62c59161d23599b198bf0fa0
202,TenGigabit,100.1.155.45,173941,632987,down,62c59176cfdaed0ba7588825
203,Gigabit,93.19.128.40,915982,753442,down,62c59189dd43c90f89d5c9ff
204,Tunnel,77.145.49.146,905493,331621,down,62c5918230111335164ffccb
205,Tunnel,227.142.230.194,810887,741496,up,62c59189dd43c90f89d5c9ff
206,TenGigabit,57.142.237.244,868210,410675,down,62c59176cfdaed0ba7588825
207,Tunnel,202.52.55.141,390030,312124,down,62c5917de1c55948d35017d8
208,Tunnel,105.246.210.213,963435,328534,down,62c59176cfdaed0ba7588825
209,Gigabit,170.111.185.23,118999,832446,up,62c59161d23599b198bf0fa0
210,Tunnel,254.3.140.93,808223,760929,up,62c5918230111335164ffccb
211,Gigabit,24.3.38.46,810491,813583,up,62c59176cfdaed0ba7588825
212,Tunnel,17.61.240.181,34280,726524,up,62c59161d23599b198bf0fa0
213,TenGigabit,46.121.223.200,916521,961646,down,62c5916f338621eece4aa765
214,Gigabit,113.11.143.104,631383,300015,down,62c59161d23599b198bf0fa0
215,Gigabit,155.243.237.133,834351,6873,down,62c5918230111335164ffccb
216,TenGigabit,47.111.148.119,992557,18980,down,62c59161d23599b198bf0fa0
217,Gigabit,113.112.9.81,904691,415526,up,62c59189dd43c90f89d5c9ff
218,TenGigabit,201.191.113.236,847039,317349,down,62c5918230111335164ffccb
219,TenGigabit,178.143.64.84,882804,438491,down,62c59189dd43c90f89d5c9ff
220,TenGigabit,231.33.186.96,431637,745863,down,62c59161d23599b198bf0fa0
221,Gigabit,130.174.135.198,425746,239978,down,62c59161d23599b198bf0fa0
222,Gigabit,202.117.190.109,52076,868529,down,62c5916f338621eece4aa765
223,Tunnel,192.169.130.133,328296,543961,up,62c59161d23599b198bf0fa0
224,Gigabit,12.54.21.219,172080,74818,up,62c5918230111335164ffccb
225,TenGigabit,174.156.112.210,746086,384276,down,62c59189dd43c90f89d5c9ff
226,TenGigabit,127.22.31.86,97770,391936,down,62c59189dd43c90f89d5c9ff
227,Gigabit,156.152.141.198,83043,464838,up,62c5916f338621eece4aa765
228,TenGigabit,10.1.109.80,110930,484338,down,62c59176cfdaed0ba7588825
229,TenGigabit,201.63.106.187,718547,223801,up,62c59161d23599b198bf0fa0
230,Gigabit,92.106.168.19,894477,898167,down,62c5916f338621eece4aa765
231,TenGigabit,88.254.14.153,373620,532772,down,62c59161d23599b198bf0fa0
232,Gigabit,147.36.185.67,189244,443319,up,62c5917de1c55948d35017d8
233,TenGigabit,249.140.121.176,233480,382926,up,62c5918230111335164ffccb
234,Tunnel,207.145.77.64,465510,339517,down,62c59176cfdaed0ba7588825
235,Gigabit,61.7.102.166,607814,737404,down,62c5917de1c55948d35017d8
236,Gigabit,213.163.131.148,988514,277351,down,62c59189dd43c90f89d5c9ff
237,TenGigabit,245.248.46.27,5863,547111,up,62c5916f338621eece4aa765
238,Tunnel,121.102.89.70,235040,767080,up,62c59189dd43c90f89d5c9ff
239,Gigabit,56.58.244.220,332108,656161,down,62c5917de1c55948d35017d8
240,Gigabit,152.178.66.61,340718,879560,up,62c59176cfdaed0ba7588825
241,Gigabit,249.154.184.186,686201,451586,down,62c59189dd43c90f89d5c9ff
242,Tunnel,27.227.69.154,490652,943419,down,62c5918230111335164ffccb
243,Gigabit,139.78.81.139,612900,818964,up,62c5916f338621eece4aa765
244,Gigabit,58.38.8.165,353729,568303,up,62c59189dd43c90f89d5c9ff
245,Gigabit,174.7.144.64,600228,807732,up,62c5916f338621eece4aa765
246,Gigabit,103.166.187.47,279244,221938,down,62c59189dd43c90f89d5c9ff
247,TenGigabit,145.228.36.159,4217,49276,up,62c59161d23599b198bf0fa0
248,Gigabit,172.163.164.221,407879,239824,down,62c59176cfdaed0ba7588825
249,Tunnel,233.54.156.228,146816,452196,down,62c5918230111335164ffccb
250,Gigabit,195.1.125.142,147477,778161,up,62c5916f338621eece4aa765
251,Tunnel,201.228.21.50,985041,914185,down,62c5917de1c55948d35017d8
252,Gigabit,130.226.10.234,543617,796887,up,62c5916f338621eece4aa765
253,TenGigabit,33.12.237.114,327653,277935,up,62c59176cfdaed0ba7588825
254,Tunnel,212.32.187.210,10689,225759,up,62c59161d23599b198bf0fa0
255,TenGigabit,126.111.192.22,431137,721335,up,62c59161d23599b198bf0fa0
256,TenGigabit,255.215.133.139,228153,581859,down,62c59176cfdaed0ba7588825
257,Gigabit,234.20.34.150,82420,51304,down,62c59189dd43c90f89d5c9ff
258,Gigabit,106.202.20.70,336540,951519,up,62c5917de1c55948d35017d8
259,Tunnel,231.147.103.106,440138,889365,up,62c59176cfdaed0ba7588825
260,TenGigabit,160.63.102.197,909987,512335,down,62c5916f338621eece4aa765
261,Gigabit,195.69.16.69,14023,257837,up,62c59189dd43c90f89d5c9ff
262,Tunnel,70.40.18.79,485526,620979,up,62c59189dd43c90f89d5c9ff
263,Gigabit,181.94.21.118,698943,352605,up,62c59189dd43c90f89d5c9ff
264,Tunnel,195.109.176.63,731646,141861,up,62c5917de1c55948d35017d8
265,Tunnel,77.170.162.15,465015,926251,down,62c5918230111335164ffccb
266,TenGigabit,46.102.98.158,839525,404329,down,62c5916f338621eece4aa765
267,Tunnel,156.130.190.225,829354,782467,up,62c59189dd43c90f89d5c9ff
268,TenGigabit,74.146.13.236,536573,303757,down,62c59161d23599b198bf0fa0
269,Gigabit,155.131.237.86,940754,798762,down,62c5918230111335164ffccb
270,Tunnel,130.219.109.158,988799,927206,up,62c59189dd43c90f89d5c9ff
271,TenGigabit,72.209.210.58,862352,737173,up,62c5917de1c55948d35017d8
272,Tunnel,55.9.38.204,107411,84274,up,62c59189dd43c90f89d5c9ff
273,Tunnel,11.143.197.40,938,987978,up,62c5916f338621eece4aa765
274,Tunnel,106.202.230.80,903568,853371,down,62c5917de1c55948d35017d8
275,Tunnel,63.21.124.249,153773,809066,down,62c59161d23599b198bf0fa0
276,Tunnel,140.224.255.9,259346,59538,down,62c5917de1c55948d35017d8
277,Gigabit,184.145.129.135,645354,582500,up,62c59176cfdaed0ba7588825
278,Gigabit,100.199.31.79,910653,287669,down,62c59161d23599b198bf0fa0
279,TenGigabit,44.74.130.9,148864,746716,up,62c59161d23599b198bf0fa0
280,Tunnel,117.58.113.196,88455,239521,up,62c5918230111335164ffccb
281,Gigabit,146.74.188.135,973210,723383,down,62c5918230111335164ffccb
282,Tunnel,41.134.78.50,272937,888915,up,62c5916f338621eece4aa765
283,Tunnel,155.111.237.249,507450,125271,up,62c5917de1c55948d35017d8
284,TenGigabit,133.135.150.190,138298,738218,up,62c59189dd43c90f89d5c9ff
285,Tunnel,80.72.118.63,768000,266679,up,62c5918230111335164ffccb
286,Gigabit,217.216.42.22,491757,345817,down,62c59176cfdaed0ba7588825
287,Tunnel,48.168.208.103,732593,758707,down,62c5918230111335164ffccb
288,TenGigabit,7.51.51.30,675706,745976,down,62c59189dd43c90f89d5c9ff
289,TenGigabit,48.48.118.105,514452,969033,up,62c5918230111335164ffccb
290,Gigabit,23.186.44.167,336870,547069,up,62c59176cfdaed0ba7588825
291,Gigabit,236.237.53.24,770436,144004,down,62c5918230111335164ffccb
292,Tunnel,75.148.19.110,84157,118672,up,62c59176cfdaed0ba7588825
293,Tunnel,145.134.192.132,305920,22407,up,62c59189dd43c90f89d5c9ff
294,Tunnel,73.134.44.187,808520,449336,down,62c5916f338621eece4aa765
295,Tunnel,109.7.47.106,730976,221992,down,62c59161d23599b198bf0fa0
296,TenGigabit,36.149.20.73,423866,115851,down,62c59189dd43c90f89d5c9ff
297,TenGigabit,171.193.21.209,668664,834033,up,62c5916f338621eece4aa765
298,Gigabit,27.124.91.211,862852,246948,down,62c5916f338621eece4aa765
299,TenGigabit,41.169.88.226,722401,908781,up,62c5918230111335164ffccb
300,Tunnel,167.82.84.36,339751,86637,up,62c59176cfdaed0ba7588825
301,TenGigabit,158.104.165.233,699459,803942,up,62c59176cfdaed0ba7588825
302,Tunnel,12.87.194.147,979220,118244,down,62c5917de1c55948d35017d8
303,Gigabit,96.97.52.140,186998,868976,up,62c5917de1c55948d35017d8
304,Gigabit,165.126.159.246,526395,801258,down,62c59161d23599b198bf0fa0
305,Gigabit,181.95.25.84,251871,946350,down,62c59189dd43c90f89d5c9ff
306,TenGigabit,31.94.20.104,107244,633072,up,62c59189dd43c90f89d5c9ff
307,Tunnel,127.12.168.168,603417,655469,up,62c59189dd43c90f89d5c9ff
308,Gigabit,224.184.84.202,901152,256608,down,62c5917de1c55948d35017d8
309,Gigabit,36.207.195.67,360673,509649,down,62c5917de1c55948d35017d8
310,Tunnel,98.48.12.0,944099,445919,up,62c59176cfdaed0ba7588825
311,Gigabit,142.1.152.65,518623,77214,up,62c5916f338621eece4aa765
312,TenGigabit,106.221.161.118,987043,134566,up,62c59176cfdaed0ba7588825
313,Tunnel,216.88.11.179,491250,568704,up,62c5916f338621eece4aa765
314,TenGigabit,166.27.76.168,101518,957387,down,62c5916f338621eece4aa765
315,Tunnel,71.150.212.168,904793,684444,up,62c5916f338621eece4aa765
316,Tunnel,65.107.189.147,307581,326061,up,62c5917de1c55948d35017d8
317,TenGigabit,115.93.226.145,265652,433570,down,62c59161d23599b198bf0fa0
318,Gigabit,100.97.245.115,596216,31784,up,62c59161d23599b198bf0fa0
319,Gigabit,151.89.124.128,403066,585432,down,62c5916f338621eece4aa765
320,Gigabit,184.110.217.201,487708,304224,up,62c5917de1c55948d35017d8
321,Gigabit,237.107.97.57,616841,211070,up,62c5916f338621eece4aa765
322,TenGigabit,150.198.231.194,286193,841160,up,62c5916f338621eece4aa765
323,Tunnel,160.30.30.82,391917,239594,down,62c5916f338621eece4aa765
324,Gigabit,183.165.250.159,615393,875154,down,62c5916f338621eece4aa765
325,Tunnel,39.67.161.90,60540,3341,up,62c5917de1c55948d35017d8
326,TenGigabit,211.132.246.23,362668,385178,down,62c59189dd43c90f89d5c9ff
327,TenGigabit,59.101.124.110,92143,643795,down,62c5917de1c55948d35017d8
328,Tunnel,195.230.71.151,417130,932795,down,62c5917de1c55948d35017d8
329,Tunnel,146.109.159.102,796100,291110,up,62c5917de1c55948d35017d8
330,TenGigabit,226.251.40.146,351937,786039,down,62c5918230111335164ffccb
331,Gigabit,97.164.88.183,113751,771079,up,62c59161d23599b198bf0fa0
332,Gigabit,165.90.182.249,333423,364843,down,62c5916f338621eece4aa765
333,Tunnel,103.132.218.87,24044,217337,up,62c5917de1c55948d35017d8
334,Tunnel,131.41.171.192,957612,933000,up,62c5916f338621eece4aa765
335,Tunnel,50.208.220.115,127089,833642,down,62c59176cfdaed0ba7588825
336,TenGigabit,38.156.59.124,5168,638054,down,62c5918230111335164ffccb
337,Gigabit,219.219.242.185,541920,729039,up,62c5916f338621eece4aa765
338,Gigabit,139.61.83.232,71505,899697,up,62c5917de1c55948d35017d8
339,Tunnel,185.193.91.154,963389,629410,down,62c5917de1c55948d35017d8
340,TenGigabit,112.216.212.34,435555,739917,down,62c59176cfdaed0ba7588825
341,Tunnel,31.196.67.100,899078,140131,down,62c59176cfdaed0ba7588825
342,TenGigabit,38.194.49.95,726843,520555,down,62c5918230111335164ffccb
343,Tunnel,217.40.194.114,55188,705934,up,62c5918230111335164ffccb
344,Gigabit,5.95.234.73,13932,891919,up,62c59161d23599b198bf0fa0
345,TenGigabit,100.3.60.0,158453,289888,up,62c59176cfdaed0ba7588825
346,Tunnel,167.172.71.15,941344,729390,down,62c59161d23599b198bf0fa0
347,TenGigabit,158.191.157.127,600405,230904,up,62c5917de1c55948d35017d8
348,Tunnel,6.203.125.167,570538,729307,down,62c5917de1c55948d35017d8
349,Tunnel,40.141.136.202,407059,697224,up,62c5916f338621eece4aa765
350,TenGigabit,240.43.75.54,545428,413418,up,62c59161d23599b198bf0fa0
351,TenGigabit,72.172.244.27,958991,773126,down,62c5916f338621eece4aa765
352,Tunnel,194.106.141.87,915962,38210,up,62c5917de1c55948d35017d8
353,Tunnel,7.228.124.11,755348,745877,up,62c59176cfdaed0ba7588825
354,Gigabit,158.55.19.116,266068,368299,up,62c59161d23599b198bf0fa0
355,Gigabit,200.35.81.123,695857,404912,down,62c5918230111335164ffccb
356,Gigabit,188.50.123.145,386273,668097,down,62c59176cfdaed0ba7588825
357,TenGigabit,204.190.190.2,682686,503106,down,62c59161d23599b198bf0fa0
358,TenGigabit,129.124.183.2,899293,822526,down,62c59189dd43c90f89d5c9ff
359,TenGigabit,85.174.149.56,785667,778907,up,62c59161d23599b198bf0fa0
360,TenGigabit,175.52.154.81,677200,66327,down,62c5916f338621eece4aa765
361,TenGigabit,69.112.72.111,153019,438536,down,62c59189dd43c90f89d5c9ff
362,TenGigabit,147.118.138.140,172617,938308,down,62c59176cfdaed0ba7588825
363,TenGigabit,96.131.211.97,153285,930440,up,62c5916f338621eece4aa765
364,Gigabit,80.12.180.90,190758,892443,up,62c59189dd43c90f89d5c9ff
365,Tunnel,90.16.114.181,766319,70863,up,62c5918230111335164ffccb
366,Gigabit,24.136.106.200,648603,900867,down,62c59176cfdaed0ba7588825
367,TenGigabit,81.126.33.225,268081,353147,up,62c59176cfdaed0ba7588825
368,Tunnel,204.145.141.9,790134,114966,up,62c59161d23599b198bf0fa0
369,TenGigabit,88.212.133.231,222684,784685,down,62c59161d23599b198bf0fa0
370,TenGigabit,139.166.162.243,664275,765349,up,62c5916f338621eece4aa765
371,TenGigabit,210.87.6.174,305487,360256,up,62c59176cfdaed0ba7588825
372,TenGigabit,222.47.238.146,506249,316769,down,62c5917de1c55948d35017d8
373,Tunnel,165.216.92.191,627307,410578,down,62c59161d23599b198bf0fa0
374,TenGigabit,248.166.185.193,152110,651508,down,62c5916f338621eece4aa765
375,Gigabit,242.241.155.14,429754,179017,up,62c59189dd43c90f89d5c9ff
376,Tunnel,144.98.128.46,53288,84162,up,62c5916f338621eece4aa765
377,TenGigabit,249.155.246.244,879271,564498,up,62c59161d23599b198bf0fa0
378,Gigabit,222.61.129.141,531057,472027,down,62c5918230111335164ffccb
379,Gigabit,224.101.22.116,407883,785544,down,62c59161d23599b198bf0fa0
380,TenGigabit,201.10.207.198,875329,814445,down,62c59176cfdaed0ba7588825
381,TenGigabit,176.96.250.43,450736,580883,up,62c5917de1c55948d35017d8
382,TenGigabit,30.173.161.121,202850,282821,up,62c5917de1c55948d35017d8
383,Gigabit,198.107.147.159,973219,435570,down,62c5918230111335164ffccb
384,TenGigabit,130.227.40.2,518948,472795,up,62c5917de1c55948d35017d8
385,TenGigabit,215.25.27.235,140786,494509,down,62c59161d23599b198bf0fa0
386,Gigabit,187.91.80.241,881036,392373,down,62c59189dd43c90f89d5c9ff
387,Gigabit,197.172.3.120,4708,462825,down,62c59189dd43c90f89d5c9ff
388,Tunnel,143.239.154.17,935477,328081,up,62c59176cfdaed0ba7588825
389,Gigabit,178.67.65.233,196910,567126,up,62c5917de1c55948d35017d8
390,Gigabit,157.151.41.15,980400,178719,down,62c59176cfdaed0ba7588825
391,TenGigabit,3.188.211.45,708345,999187,up,62c5918230111335164ffccb
392,Tunnel,209.136.125.151,894798,501863,up,62c5918230111335164ffccb
393,Gigabit,7.107.115.143,227629,672040,down,62c59161d23599b198bf0fa0
394,Tunnel,209.193.90.191,422520,56701,up,62c59176cfdaed0ba7588825
395,Tunnel,50.179.45.172,747315,550294,up,62c5916f338621eece4aa765
396,Gigabit,221.107.187.95,463429,623317,up,62c59176cfdaed0ba7588825
397,Tunnel,175.90.178.148,227626,427348,up,62c59161d23599b198bf0fa0
398,Tunnel,36.212.246.215,597636,81197,up,62c5917de1c55948d35017d8
399,Tunnel,227.161.151.63,30593,28655,up,62c5917de1c55948d35017d8
400,Gigabit,175.184.97.215,111318,100568,down,62c59176cfdaed0ba7588825
401,Tunnel,249.230.143.38,4182,141709,down,62c5918230111335164ffccb
402,Tunnel,212.13.88.100,223952,627174,up,62c59161d23599b198bf0fa0
403,Gigabit,87.215.63.237,809021,15934,up,62c5917de1c55948d35017d8
404,Gigabit,88.175.68.139,975803,963715,up,62c59176cfdaed0ba7588825
405,TenGigabit,56.13.234.102,898348,991289,up,62c5916f338621eece4aa765
406,Tunnel,189.140.208.243,370059,461273,up,62c5918230111335164ffccb
407,TenGigabit,175.137.143.91,345822,879977,down,62c5918230111335164ffccb
408,Gigabit,69.68.213.174,221091,80960,up,62c59189dd43c90f89d5c9ff
409,TenGigabit,11.255.24.4,87162,505011,up,62c5916f338621eece4aa765
410,TenGigabit,110.35.136.32,77337,959866,up,62c59176cfdaed0ba7588825
411,Gigabit,48.0.29.146,580103,52617,up,62c5918230111335164ffccb
412,TenGigabit,193.103.121.251,189184,674857,down,62c5918230111335164ffccb
413,Tunnel,242.64.121.13,347440,339517,up,62c5918230111335164ffccb
414,Gigabit,237.113.67.32,674802,153633,down,62c59176cfdaed0ba7588825
415,Gigabit,180.129.0.211,562703,742418,up,62c5917de1c55948d35017d8
416,Tunnel,10.39.222.49,673852,525293,up,62c59161d23599b198bf0fa0
417,Gigabit,254.129.42.240,832725,63439,up,62c59189dd43c90f89d5c9ff
418,TenGigabit,236.181.18.250,880874,15910,down,62c5918230111335164ffccb
419,Gigabit,61.252.92.190,311632,748961,down,62c59176cfdaed0ba7588825
420,Tunnel,112.90.18.130,57163,181899,down,62c5917de1c55948d35017d8
421,Tunnel,164.232.97.236,482629,304214,down,62c59176cfdaed0ba7588825
422,Tunnel,32.133.116.175,770429,290383,up,62c59189dd43c90f89d5c9ff
423,TenGigabit,43.187.118.225,912871,517997,down,62c59161d23599b198bf0fa0
424,Tunnel,139.238.245.17,40278,93603,up,62c59176cfdaed0ba7588825
425,Tunnel,62.45.250.100,872679,38208,up,62c59161d23599b198bf0fa0
426,Tunnel,146.113.63.98,856638,354647,down,62c59189dd43c90f89d5c9ff
427,TenGigabit,163.57.173.65,310858,130573,up,62c5918230111335164ffccb
428,Tunnel,23.68.221.208,882697,69706,down,62c5916f338621eece4aa765
429,TenGigabit,239.137.25.34,220981,772129,down,62c59161d23599b198bf0fa0
430,Tunnel,239.24.120.220,254554,789790,up,62c5917de1c55948d35017d8
431,Gigabit,23.251.11.114,907602,509438,down,62c5916f338621eece4aa765
432,TenGigabit,9.219.177.63,514690,963589,up,62c59176cfdaed0ba7588825
433,TenGigabit,41.62.78.72,868082,721828,up,62c59161d23599b198bf0fa0
434,Tunnel,51.229.111.42,139523,910388,up,62c59189dd43c90f89d5c9ff
435,TenGigabit,87.165.129.249,459749,396278,down,62c59189dd43c90f89d5c9ff
436,TenGigabit,246.245.176.188,216763,348515,up,62c59189dd43c90f89d5c9ff
437,Gigabit,224.248.209.43,264177,361365,down,62c59161d23599b198bf0fa0
438,Gigabit,122.92.88.108,383678,745105,up,62c59176cfdaed0ba7588825
439,Tunnel,73.74.226.0,909641,602907,up,62c5917de1c55948d35017d8
440,Gigabit,102.172.252.177,571264,817823,up,62c5917de1c55948d35017d8
441,Gigabit,167.42.58.111,223132,981251,down,62c5916f338621eece4aa765
442,Tunnel,20.102.129.129,541088,828364,down,62c59161d23599b198bf0fa0
443,TenGigabit,196.161.185.215,957013,77666,up,62c5917de1c55948d35017d8
444,Tunnel,195.190.112.111,49503,14684,down,62c5916f338621eece4aa765
445,TenGigabit,45.206.91.222,968593,677136,up,62c5916f338621eece4aa765
446,Gigabit,108.138.11.79,451589,764065,up,62c59176cfdaed0ba7588825
447,TenGigabit,78.154.113.112,239364,240343,down,62c59189dd43c90f89d5c9ff
448,Tunnel,84.244.76.69,812323,670960,up,62c59176cfdaed0ba7588825
449,Tunnel,221.127.60.192,45359,905017,down,62c5917de1c55948d35017d8
450,TenGigabit,2.176.114.183,585337,589884,down,62c59176cfdaed0ba7588825
451,TenGigabit,160.111.49.53,791771,300601,up,62c5917de1c55948d35017d8
452,TenGigabit,121.237.221.37,522531,845060,up,62c5916f338621eece4aa765
453,Tunnel,7.247.18.143,617164,903201,down,62c5917de1c55948d35017d8
454,Gigabit,31.141.97.104,794203,464627,up,62c59189dd43c90f89d5c9ff
455,Gigabit,153.171.237.171,143012,149669,up,62c59161d23599b198bf0fa0
456,TenGigabit,14.7.10.19,823652,652087,down,62c5917de1c55948d35017d8
457,Tunnel,108.156.172.111,625205,999826,up,62c59161d23599b198bf0fa0
458,Gigabit,137.54.97.199,752323,428828,up,62c5917de1c55948d35017d8
459,Tunnel,104.33.174.157,753110,437069,down,62c5918230111335164ffccb
460,Gigabit,128.157.133.163,816264,389820,down,62c5918230111335164ffccb
461,TenGigabit,188.124.238.231,332635,673729,down,62c5916f338621eece4aa765
462,TenGigabit,234.169.150.95,109204,358712,down,62c5918230111335164ffccb
463,TenGigabit,151.43.250.135,889048,658464,up,62c59189dd43c90f89d5c9ff
464,Gigabit,21.43.4.140,899453,395887,down,62c59176cfdaed0ba7588825
465,Tunnel,109.157.234.88,33764,551490,up,62c59176cfdaed0ba7588825
466,TenGigabit,214.114.229.92,581314,118668,down,62c59189dd43c90f89d5c9ff
467,Gigabit,16.56.227.55,477609,831814,down,62c59161d23599b198bf0fa0
468,Gigabit,21.157.99.157,763943,873167,up,62c5916f338621eece4aa765
469,Tunnel,10.79.130.98,722990,582198,up,62c5918230111335164ffccb
470,TenGigabit,209.22.55.210,209099,940543,up,62c5917de1c55948d35017d8
471,TenGigabit,41.147.18.140,679843,650988,down,62c59189dd43c90f89d5c9ff
472,TenGigabit,110.169.19.189,680411,23904,up,62c59176cfdaed0ba7588825
473,Tunnel,8.143.45.232,713245,218246,up,62c5918230111335164ffccb
474,Tunnel,234.20.26.111,750686,605334,up,62c59176cfdaed0ba7588825
475,Tunnel,216.164.243.170,244163,705976,up,62c59189dd43c90f89d5c9ff
476,Gigabit,36.74.98.244,844327,999976,up,62c59161d23599b198bf0fa0
477,TenGigabit,213.234.111.201,448179,365534,up,62c5918230111335164ffccb
478,Tunnel,164.47.46.52,597367,781403,down,62c5916f338621eece4aa765
479,Gigabit,121.84.148.184,827648,450809,up,62c59189dd43c90f89d5c9ff
480,TenGigabit,15.239.7.6,957818,162144,up,62c5918230111335164ffccb
481,TenGigabit,60.18.172.211,205772,313215,up,62c5917de1c55948d35017d8
482,Tunnel,130.238.173.208,150498,381038,up,62c5917de1c55948d35017d8
483,TenGigabit,204.128.68.228,402056,16989,up,62c5916f338621eece4aa765
484,Gigabit,241.179.96.53,969659,508253,up,62c59189dd43c90f89d5c9ff
485,TenGigabit,39.227.48.108,300488,129392,down,62c59161d23599b198bf0fa0
486,TenGigabit,201.236.207.250,962666,985414,down,62c59161d23599b198bf0fa0
487,Gigabit,89.126.232.194,280600,705528,down,62c59189dd43c90f89d5c9ff
488,Tunnel,162.42.3.238,867710,631458,up,62c59176cfdaed0ba7588825
489,TenGigabit,238.232.58.60,767178,477097,down,62c59176cfdaed0ba7588825
490,Gigabit,128.115.65.196,909406,436298,down,62c59176cfdaed0ba7588825
491,Gigabit,138.61.56.62,212629,579342,up,62c5918230111335164ffccb
492,Tunnel,111.149.157.135,399325,217850,down,62c5917de1c55948d35017d8
493,Gigabit,238.22.30.193,942592,737514,down,62c5917de1c55948d35017d8
494,Tunnel,224.244.190.251,22111,248468,up,62c59176cfdaed0ba7588825
495,Gigabit,187.98.109.101,261509,134963,up,62c5918230111335164ffccb
496,Gigabit,189.43.151.201,915505,360023,up,62c59161d23599b198bf0fa0
497,Tunnel,252.87.219.115,205054,871513,down,62c5918230111335164ffccb
498,Gigabit,173.224.32.167,444227,318204,up,62c5916f338621eece4aa765
499,TenGigabit,210.65.167.136,170024,725117,up,62c5916f338621eece4aa765
500,TenGigabit,31.13.115.237,983678,25791,up,62c5917de1c55948d35017d8
501,Gigabit,250.232.156.13,975336,668591,down,62c59176cfdaed0ba7588825
502,TenGigabit,212.70.82.43,920369,52589,up,62c59161d23599b198bf0fa0
503,TenGigabit,27.146.121.157,629670,794676,up,62c5918230111335164ffccb
504,Tunnel,60.245.235.137,491132,712841,down,62c5916f338621eece4aa765
505,Tunnel,88.178.42.134,250663,393324,up,62c59189dd43c90f89d5c9ff
506,TenGigabit,144.217.43.81,252350,317703,down,62c59189dd43c90f89d5c9ff
507,Gigabit,107.121.147.134,717575,438740,up,62c5918230111335164ffccb
508,TenGigabit,224.247.168.132,761409,313221,up,62c59161d23599b198bf0fa0
509,Gigabit,144.214.43.29,417155,7261,up,62c5916f338621eece4aa765
510,TenGigabit,31.210.194.106,322878,71342,down,62c5916f338621eece4aa765
511,Tunnel,122.90.123.196,233620,387213,down,62c5917de1c55948d35017d8
512,Tunnel,187.31.42.20,920231,189670,down,62c59161d23599b198bf0fa0
513,TenGigabit,130.108.215.212,686857,365745,down,62c59189dd43c90f89d5c9ff
514,Tunnel,161.25.37.142,598200,640077,up,62c59161d23599b198bf0fa0
515,Tunnel,231.106.97.16,904738,366181,up,62c59161d23599b198bf0fa0
516,Gigabit,50.193.123.150,225253,390013,down,62c5918230111335164ffccb
517,TenGigabit,134.6.141.216,725996,113610,down,62c5916f338621eece4aa765
518,TenGigabit,30.0.148.191,726228,550810,down,62c5917de1c55948d35017d8
519,Tunnel,59.173.192.139,875149,250198,down,62c59189dd43c90f89d5c9ff
520,Gigabit,88.78.69.51,153636,870653,up,62c5916f338621eece4aa765
521,Gigabit,188.87.3.222,380395,807203,up,62c59189dd43c90f89d5c9ff
522,Gigabit,71.244.116.190,88692,401942,down,62c5917de1c55948d35017d8
523,Gigabit,134.128.156.250,684350,459110,down,62c5917de1c55948d35017d8
524,Gigabit,216.35.134.160,45234,188985,up,62c59161d23599b198bf0fa0
525,Tunnel,225.159.178.18,825815,506303,down,62c59161d23599b198bf0fa0
526,Tunnel,232.161.38.139,787771,109768,down,62c59161d23599b198bf0fa0
527,Tunnel,85.43.224.5,829687,913491,down,62c5918230111335164ffccb
528,Gigabit,231.24.254.184,160975,929023,down,62c59161d23599b198bf0fa0
529,Tunnel,15.235.117.161,677132,571405,up,62c5917de1c55948d35017d8
530,Gigabit,49.100.146.254,338474,241727,down,62c59189dd43c90f89d5c9ff
531,Gigabit,9.118.84.126,273693,205157,up,62c59176cfdaed0ba7588825
532,Tunnel,45.34.12.157,408000,671467,down,62c5916f338621eece4aa765
533,Gigabit,49.248.2.248,54398,127903,up,62c59189dd43c90f89d5c9ff
534,Gigabit,9.39.98.193,89812,465908,down,62c59161d23599b198bf0fa0
535,TenGigabit,169.177.0.120,818922,976898,up,62c5916f338621eece4aa765
536,Tunnel,132.73.5.140,870367,766833,up,62c5917de1c55948d35017d8
537,TenGigabit,211.41.247.18,565146,928804,down,62c5916f338621eece4aa765
538,TenGigabit,20.100.29.241,938970,732974,up,62c59189dd43c90f89d5c9ff
539,TenGigabit,195.163.75.228,120709,715091,up,62c59189dd43c90f89d5c9ff
540,TenGigabit,241.177.182.188,935418,370518,down,62c59189dd43c90f89d5c9ff
541,Gigabit,163.235.245.107,498153,121249,down,62c59161d23599b198bf0fa0
542,TenGigabit,164.22.3.28,394452,701375,down,62c59176cfdaed0ba7588825
543,Tunnel,97.236.242.170,311479,454504,down,62c59176cfdaed0ba7588825
544,TenGigabit,147.39.198.200,677714,71220,up,62c59161d23599b198bf0fa0
545,Gigabit,19.198.225.106,343383,153090,up,62c5917de1c55948d35017d8
546,Tunnel,133.9.121.179,273171,336440,up,62c59176cfdaed0ba7588825
547,TenGigabit,20.141.7.77,359685,536500,down,62c5918230111335164ffccb
548,TenGigabit,146.196.81.71,80675,445422,up,62c5916f338621eece4aa765
549,Tunnel,172.17.157.173,907051,775600,down,62c59189dd43c90f89d5c9ff
550,TenGigabit,237.99.68.177,915966,80247,up,62c59176cfdaed0ba7588825
551,TenGigabit,25.242.179.234,429485,880369,up,62c5916f338621eece4aa765
552,Tunnel,38.195.48.113,218865,645012,up,62c59189dd43c90f89d5c9ff
553,Tunnel,188.22.110.70,166090,606005,down,62c5918230111335164ffccb
554,Gigabit,7.187.72.74,640171,697099,up,62c5917de1c55948d35017d8
555,Gigabit,52.194.246.149,791474,117012,down,62c59176cfdaed0ba7588825
556,TenGigabit,213.227.214.238,236397,424305,up,62c59161d23599b198bf0fa0
557,Tunnel,160.98.190.58,350862,719682,up,62c5916f338621eece4aa765
558,TenGigabit,31.44.175.98,520682,737029,up,62c59189dd43c90f89d5c9ff
559,TenGigabit,51.99.87.156,616946,976545,up,62c5917de1c55948d35017d8
560,Gigabit,225.110.101.177,19251,727424,up,62c5916f338621eece4aa765
561,Gigabit,238.192.9.112,13442,356303,up,62c59161d23599b198bf0fa0
562,Tunnel,30.180.85.164,719307,683751,down,62c59189dd43c90f89d5c9ff
563,Tunnel,27.66.148.64,702007,352020,down,62c5916f338621eece4aa765
564,Tunnel,100.14.127.207,303400,206573,down,62c5918230111335164ffccb
565,Gigabit,81.78.58.20,165424,395553,up,62c5917de1c55948d35017d8
566,Gigabit,201.52.122.230,66430,310046,up,62c59189dd43c90f89d5c9ff
567,Gigabit,81.222.10.66,373622,266086,up,62c5918230111335164ffccb
568,TenGigabit,116.248.2.74,948377,217888,down,62c59176cfdaed0ba7588825
569,Gigabit,83.128.253.243,169233,894286,down,62c59189dd43c90f89d5c9ff
570,Gigabit,7.206.38.134,793477,396732,up,62c5917de1c55948d35017d8
571,Gigabit,122.83.216.116,767558,365174,up,62c5916f338621eece4aa765
572,Gigabit,46.147.80.221,10373,98786,down,62c59161d23599b198bf0fa0
573,Tunnel,177.106.171.76,708548,162605,up,62c59161d23599b198bf0fa0
574,TenGigabit,100.190.202.92,887835,163417,up,62c59176cfdaed0ba7588825
575,Tunnel,118.208.252.192,938817,163512,up,62c59176cfdaed0ba7588825
576,Gigabit,168.175.193.75,962100,591127,up,62c5917de1c55948d35017d8
577,Tunnel,197.112.199.28,795520,395668,down,62c5918230111335164ffccb
578,TenGigabit,67.166.249.183,592457,349401,down,62c5916f338621eece4aa765
579,TenGigabit,5.114.8.183,817434,483193,down,62c59189dd43c90f89d5c9ff
580,Tunnel,155.10.200.27,263362,871346,down,62c59161d23599b198bf0fa0
581,Gigabit,84.104.149.228,113974,733927,down,62c59176cfdaed0ba7588825
582,TenGigabit,2.146.8.203,310752,301590,up,62c59189dd43c90f89d5c9ff
583,TenGigabit,219.19.49.103,793602,982787,up,62c59189dd43c90f89d5c9ff
584,Tunnel,218.8.114.47,213735,849664,up,62c5918230111335164ffccb
585,Gigabit,30.193.124.48,501416,540279,down,62c5916f338621eece4aa765
586,Gigabit,16.7.136.247,554791,517621,up,62c5917de1c55948d35017d8
587,TenGigabit,175.137.250.72,61105,765001,down,62c59176cfdaed0ba7588825
588,Tunnel,198.246.170.125,894617,282876,down,62c59176cfdaed0ba7588825
589,Tunnel,145.247.89.64,839918,357755,up,62c5918230111335164ffccb
590,TenGigabit,220.210.197.195,69134,48001,up,62c5917de1c55948d35017d8
591,TenGigabit,231.111.228.131,109347,655503,down,62c5917de1c55948d35017d8
592,Gigabit,18.215.130.37,305381,761777,up,62c5918230111335164ffccb
593,TenGigabit,201.243.239.23,388136,943725,up,62c5918230111335164ffccb
594,Tunnel,66.239.187.127,56959,650107,down,62c5918230111335164ffccb
595,Gigabit,149.242.18.227,203089,888654,down,62c5917de1c55948d35017d8
596,TenGigabit,210.255.154.56,599572,114247,up,62c59176cfdaed0ba7588825
597,TenGigabit,208.168.119.142,943831,394190,down,62c5916f338621eece4aa765
598,Tunnel,171.161.151.234,198093,828470,down,62c5917de1c55948d35017d8
599,Gigabit,142.181.124.27,973101,728338,up,62c59176cfdaed0ba7588825
600,Gigabit,242.205.130.241,450418,368953,down,62c59161d23599b198bf0fa0
601,Gigabit,135.130.80.70,86565,997738,down,62c5916f338621eece4aa765
602,Gigabit,52.22.83.58,873861,953685,down,62c5918230111335164ffccb
603,TenGigabit,139.33.46.197,976259,176448,down,62c59176cfdaed0ba7588825
604,Gigabit,119.27.127.168,915506,931271,up,62c59176cfdaed0ba7588825
605,TenGigabit,215.126.121.250,948887,905299,down,62c59161d23599b198bf0fa0
606,TenGigabit,123.119.52.53,69902,792239,up,62c5918230111335164ffccb
607,Tunnel,103.231.129.146,387700,34504,down,62c59176cfdaed0ba7588825
608,Gigabit,94.13.204.37,750225,458745,up,62c5917de1c55948d35017d8
609,Tunnel,218.247.112.255,123553,761301,down,62c5916f338621eece4aa765
610,Tunnel,185.177.51.69,195771,598830,down,62c59161d23599b198bf0fa0
611,Gigabit,104.251.101.250,110211,815962,up,62c59161d23599b198bf0fa0
612,Tunnel,8.167.98.71,29341,631770,up,62c59189dd43c90f89d5c9ff
613,Gigabit,159.110.183.240,781275,96717,up,62c5916f338621eece4aa765
614,TenGigabit,236.233.72.74,4174,440228,down,62c59176cfdaed0ba7588825
615,Tunnel,109.192.32.56,917851,529701,down,62c5917de1c55948d35017d8
616,Gigabit,132.79.31.172,672065,274196,up,62c5917de1c55948d35017d8
617,Gigabit,126.210.12.107,612107,247682,down,62c59161d23599b198bf0fa0
618,Tunnel,117.230.152.87,650857,1406,down,62c59161d23599b198bf0fa0
619,Gigabit,224.97.98.51,240586,309345,up,62c59161d23599b198bf0fa0
620,Gigabit,64.218.101.170,513590,451747,up,62c59176cfdaed0ba7588825
621,TenGigabit,75.150.146.20,695084,713210,down,62c59176cfdaed0ba7588825
622,TenGigabit,170.11.172.13,867792,342583,down,62c59189dd43c90f89d5c9ff
623,Gigabit,191.199.6.62,240267,26749,down,62c5917de1c55948d35017d8
624,TenGigabit,177.175.18.88,137405,676255,up,62c59189dd43c90f89d5c9ff
625,TenGigabit,121.158.109.183,345066,262984,down,62c59189dd43c90f89d5c9ff
626,TenGigabit,61.168.236.117,535843,118659,up,62c59189dd43c90f89d5c9ff
627,Tunnel,219.54.18.219,522095,900051,down,62c5918230111335164ffccb
628,Gigabit,189.54.64.105,302754,445187,down,62c59161d23599b198bf0fa0
629,Tunnel,215.50.133.145,594070,40955,down,62c5918230111335164ffccb
630,TenGigabit,148.186.109.74,504221,521606,down,62c5917de1c55948d35017d8
631,Tunnel,130.33.236.122,773186,988304,up,62c59189dd43c90f89d5c9ff
632,Gigabit,244.34.51.14,414349,50442,down,62c59176cfdaed0ba7588825
633,TenGigabit,218.155.106.236,173485,457513,down,62c59176cfdaed0ba7588825
634,TenGigabit,180.9.120.175,844230,180764,down,62c5918230111335164ffccb
635,TenGigabit,172.206.111.141,886055,697333,down,62c5916f338621eece4aa765
636,Tunnel,52.49.87.175,672018,852146,up,62c5916f338621eece4aa765
637,Gigabit,96.187.108.254,858043,122113,up,62c59176cfdaed0ba7588825
638,Gigabit,235.2.193.187,154927,75802,up,62c59161d23599b198bf0fa0
639,TenGigabit,253.70.41.4,726199,611729,down,62c5916f338621eece4aa765
640,Gigabit,246.103.66.214,126445,259732,down,62c59176cfdaed0ba7588825
641,Gigabit,143.116.154.87,370542,544305,up,62c5916f338621eece4aa765
642,Gigabit,75.104.227.254,330089,559837,up,62c59189dd43c90f89d5c9ff
643,Gigabit,120.5.244.121,566379,471442,up,62c5917de1c55948d35017d8
644,Gigabit,224.86.53.93,243356,669867,down,62c59176cfdaed0ba7588825
645,Gigabit,43.211.229.79,577418,603365,up,62c5916f338621eece4aa765
646,Tunnel,71.36.190.66,390242,579510,up,62c5918230111335164ffccb
647,Tunnel,38.84.146.135,362818,402716,down,62c59176cfdaed0ba7588825
648,Tunnel,239.81.175.5,996786,484626,down,62c5916f338621eece4aa765
649,TenGigabit,255.172.56.238,100005,751512,up,62c59176cfdaed0ba7588825
650,Gigabit,84.130.213.85,657304,285692,down,62c59161d23599b198bf0fa0
651,TenGigabit,186.96.27.84,483420,736835,down,62c59176cfdaed0ba7588825
652,Tunnel,200.234.0.250,854761,595336,down,62c5918230111335164ffccb
653,TenGigabit,203.254.35.94,563181,698287,up,62c5918230111335164ffccb
654,Gigabit,213.214.100.155,730526,40020,down,62c59189dd43c90f89d5c9ff
655,TenGigabit,222.23.126.238,747101,366737,up,62c59176cfdaed0ba7588825
656,Tunnel,162.52.157.37,360440,491218,up,62c59189dd43c90f89d5c9ff
657,TenGigabit,176.213.102.251,639831,725796,down,62c5917de1c55948d35017d8
658,Tunnel,203.180.15.109,416818,294339,up,62c59189dd43c90f89d5c9ff
659,Tunnel,106.65.234.73,880102,149965,down,62c5918230111335164ffccb
660,TenGigabit,236.18.44.211,763217,951392,up,62c5917de1c55948d35017d8
661,Gigabit,188.164.40.135,156845,520579,down,62c59176cfdaed0ba7588825
662,Tunnel,126.88.239.65,426117,525126,up,62c59161d23599b198bf0fa0
663,TenGigabit,178.175.236.74,612741,955270,up,62c5916f338621eece4aa765
664,Gigabit,67.124.161.240,500707,679992,up,62c5917de1c55948d35017d8
665,Gigabit,209.234.238.138,116361,594801,up,62c59176cfdaed0ba7588825
666,Tunnel,58.40.33.40,583782,882125,down,62c59176cfdaed0ba7588825
667,Tunnel,148.89.200.58,542589,309083,down,62c59161d23599b198bf0fa0
668,Gigabit,121.74.250.128,442840,827663,up,62c59176cfdaed0ba7588825
669,TenGigabit,211.189.110.210,568654,529001,up,62c5916f338621eece4aa765
670,Gigabit,139.150.236.64,772453,563008,up,62c59176cfdaed0ba7588825
671,Tunnel,152.192.129.156,176625,359066,up,62c5916f338621eece4aa765
672,Gigabit,136.232.10.223,21091,449139,down,62c5916f338621eece4aa765
673,Tunnel,123.126.113.16,887046,984418,down,62c59189dd43c90f89d5c9ff
674,Gigabit,100.23.137.209,338668,83947,down,62c5917de1c55948d35017d8
675,Tunnel,150.108.108.248,443694,122865,down,62c59161d23599b198bf0fa0
676,Gigabit,212.230.132.28,882589,679455,down,62c5918230111335164ffccb
677,Gigabit,120.254.246.36,910054,923585,up,62c5918230111335164ffccb
678,Tunnel,6.171.2.231,891072,657764,down,62c59161d23599b198bf0fa0
679,Tunnel,213.154.123.23,71950,379287,up,62c59161d23599b198bf0fa0
680,Tunnel,48.45.45.199,456501,697462,down,62c59161d23599b198bf0fa0
681,Tunnel,204.56.145.5,654141,288388,down,62c5917de1c55948d35017d8
682,Tunnel,55.45.255.133,231198,722672,up,62c5916f338621eece4aa765
683,TenGigabit,167.153.117.190,753689,842004,down,62c59189dd43c90f89d5c9ff
684,Tunnel,111.237.94.226,209600,386308,down,62c59189dd43c90f89d5c9ff
685,Gigabit,104.227.61.132,765764,503564,up,62c5918230111335164ffccb
686,Gigabit,230.110.114.115,28989,511021,up,62c5917de1c55948d35017d8
687,Tunnel,173.219.195.13,415055,919971,up,62c5918230111335164ffccb
688,TenGigabit,36.222.149.56,600969,173288,down,62c5917de1c55948d35017d8
689,TenGigabit,145.69.107.56,807744,308114,up,62c5918230111335164ffccb
690,Gigabit,132.26.85.70,461236,634978,down,62c5917de1c55948d35017d8
691,Gigabit,246.195.137.24,50741,563614,up,62c59176cfdaed0ba7588825
692,Tunnel,74.209.158.170,275945,2786,down,62c59161d23599b198bf0fa0
693,Gigabit,238.176.38.26,597007,221874,down,62c59189dd43c90f89d5c9ff
694,Tunnel,246.203.115.188,337565,494370,down,62c59189dd43c90f89d5c9ff
695,Tunnel,232.200.65.70,85209,727740,up,62c59161d23599b198bf0fa0
696,Gigabit,201.127.123.246,135297,583578,up,62c59176cfdaed0ba7588825
697,Tunnel,200.80.35.5,626239,921035,up,62c5916f338621eece4aa765
698,Tunnel,19.208.216.205,126159,609091,up,62c5918230111335164ffccb
699,Gigabit,82.199.230.195,556830,775647,down,62c59189dd43c90f89d5c9ff
700,TenGigabit,196.225.139.166,20911,869863,down,62c5918230111335164ffccb
701,TenGigabit,183.153.135.63,596263,865281,up,62c59189dd43c90f89d5c9ff
702,TenGigabit,27.138.134.143,738087,13662,up,62c59189dd43c90f89d5c9ff
703,Tunnel,19.40.165.182,184179,884493,up,62c5916f338621eece4aa765
704,Tunnel,18.239.176.136,263152,208247,down,62c59189dd43c90f89d5c9ff
705,Tunnel,246.39.79.17,136821,960494,down,62c5917de1c55948d35017d8
706,TenGigabit,101.184.216.47,407003,275751,up,62c5916f338621eece4aa765
707,Gigabit,131.190.230.28,33603,916241,down,62c5918230111335164ffccb
708,Tunnel,86.10.239.106,570890,714492,down,62c59161d23599b198bf0fa0
709,TenGigabit,58.103.119.119,948514,880096,down,62c59161d23599b198bf0fa0
710,TenGigabit,57.10.26.32,295810,178139,down,62c5917de1c55948d35017d8
711,TenGigabit,69.121.14.31,802936,995308,down,62c59161d23599b198bf0fa0
712,TenGigabit,147.9.134.195,351685,59099,up,62c59161d23599b198bf0fa0
713,Tunnel,96.7.181.169,375311,308220,down,62c5917de1c55948d35017d8
714,Gigabit,173.221.32.133,288254,643899,up,62c59176cfdaed0ba7588825
715,Gigabit,7.223.86.28,807476,504377,up,62c59176cfdaed0ba7588825
716,Tunnel,208.236.150.179,684386,817849,up,62c59176cfdaed0ba7588825
717,Gigabit,103.232.25.130,578152,731210,up,62c59176cfdaed0ba7588825
718,Tunnel,10.17.223.60,754114,663453,down,62c59161d23599b198bf0fa0
719,TenGigabit,92.34.108.1,19894,674847,up,62c5916f338621eece4aa765
720,Tunnel,9.198.49.149,257792,710872,up,62c5917de1c55948d35017d8
721,Gigabit,105.42.98.85,354526,23782,down,62c5918230111335164ffccb
722,TenGigabit,222.93.124.233,448286,75845,up,62c5918230111335164ffccb
723,Gigabit,5.67.57.140,850600,344845,down,62c59176cfdaed0ba7588825
724,Tunnel,206.229.27.222,534448,928447,down,62c59161d23599b198bf0fa0
725,Tunnel,20.72.39.1,494025,557007,up,62c59176cfdaed0ba7588825
726,TenGigabit,236.6.166.251,262062,514336,down,62c5917de1c55948d35017d8
727,Gigabit,161.201.54.69,901689,583041,up,62c59161d23599b198bf0fa0
728,Tunnel,164.250.160.145,722747,934273,up,62c5916f338621eece4aa765
729,TenGigabit,185.83.0.203,260851,650390,down,62c5917de1c55948d35017d8
730,Tunnel,215.105.65.89,629281,794040,up,62c5918230111335164ffccb
731,Gigabit,146.0.107.0,901965,375182,down,62c5917de1c55948d35017d8
732,Gigabit,55.54.11.101,718334,696005,up,62c5918230111335164ffccb
733,TenGigabit,195.127.65.109,211060,319922,down,62c5916f338621eece4aa765
734,Gigabit,221.149.135.86,417340,344131,down,62c5917de1c55948d35017d8
735,Tunnel,123.181.15.147,423286,588977,down,62c5917de1c55948d35017d8
736,TenGigabit,132.249.193.131,610575,264378,down,62c5916f338621eece4aa765
737,TenGigabit,221.0.249.56,624826,490391,down,62c5916f338621eece4aa765
738,Tunnel,85.112.43.156,994624,55222,down,62c59161d23599b198bf0fa0
739,Tunnel,67.104.21.7,159151,569105,down,62c5918230111335164ffccb
740,Gigabit,177.29.87.41,960130,765764,down,62c5916f338621eece4aa765
741,Gigabit,46.197.213.196,205504,634484,down,62c5918230111335164ffccb
742,TenGigabit,21.81.240.210,295659,983541,up,62c5918230111335164ffccb
743,TenGigabit,55.51.232.110,39048,213051,up,62c5918230111335164ffccb
744,Tunnel,226.2.50.133,120013,661491,up,62c5918230111335164ffccb
745,Tunnel,201.177.96.48,797533,94005,down,62c5918230111335164ffccb
746,Gigabit,227.77.45.58,407084,709774,down,62c59176cfdaed0ba7588825
747,TenGigabit,75.76.241.59,386956,48045,down,62c59161d23599b198bf0fa0
748,Gigabit,51.208.130.46,720976,217603,down,62c59189dd43c90f89d5c9ff
749,Tunnel,102.108.49.182,237646,601786,up,62c5918230111335164ffccb
750,TenGigabit,237.162.136.50,50161,525821,up,62c5917de1c55948d35017d8
751,TenGigabit,236.104.218.210,783918,483676,up,62c5917de1c55948d35017d8
752,TenGigabit,1.97.249.123,71537,957203,up,62c5916f338621eece4aa765
753,Gigabit,107.236.218.255,576745,792933,down,62c5916f338621eece4aa765
754,Tunnel,45.70.184.65,397599,829608,down,62c5917de1c55948d35017d8
755,Tunnel,219.155.238.100,755673,583438,down,62c59176cfdaed0ba7588825
756,Gigabit,195.34.93.7,976899,772384,down,62c5917de1c55948d35017d8
757,TenGigabit,187.150.233.228,252174,691409,down,62c5917de1c55948d35017d8
758,Tunnel,9.179.241.240,406097,29556,up,62c5918230111335164ffccb
759,Tunnel,17.132.196.141,707101,860278,down,62c59189dd43c90f89d5c9ff
760,TenGigabit,203.182.188.52,68891,286929,up,62c5916f338621eece4aa765
761,TenGigabit,200.111.26.221,846087,638052,up,62c59161d23599b198bf0fa0
762,Tunnel,95.91.48.200,635880,345525,down,62c59176cfdaed0ba7588825
763,Tunnel,19.119.247.156,339576,534122,down,62c5918230111335164ffccb
764,Gigabit,158.178.201.125,148202,321323,up,62c5917de1c55948d35017d8
765,TenGigabit,95.145.166.25,98710,374493,up,62c59176cfdaed0ba7588825
766,Gigabit,146.136.45.124,482202,594525,up,62c59176cfdaed0ba7588825
767,Gigabit,8.121.93.243,395538,571247,up,62c59189dd43c90f89d5c9ff
768,TenGigabit,24.144.168.145,959165,184525,down,62c59161d23599b198bf0fa0
769,Gigabit,60.154.132.77,731169,381559,down,62c5917de1c55948d35017d8
770,Gigabit,190.213.218.109,393941,426601,down,62c5918230111335164ffccb
771,Gigabit,74.64.14.213,189463,65514,up,62c59161d23599b198bf0fa0
772,Tunnel,68.189.236.219,420637,543314,up,62c5916f338621eece4aa765
773,TenGigabit,92.6.251.32,686340,161623,up,62c59161d23599b198bf0fa0
774,Gigabit,159.198.201.84,542986,100490,up,62c5918230111335164ffccb
775,Gigabit,222.254.45.255,307956,187871,up,62c5918230111335164ffccb
776,Gigabit,27.136.197.167,290046,184050,up,62c5916f338621eece4aa765
777,Gigabit,37.246.129.113,825413,243434,down,62c5917de1c55948d35017d8
778,TenGigabit,70.179.163.112,812834,666687,down,62c59189dd43c90f89d5c9ff
779,TenGigabit,99.73.123.194,179067,41549,down,62c59161d23599b198bf0fa0
780,Gigabit,106.123.197.50,796011,455302,up,62c5917de1c55948d35017d8
781,Tunnel,101.9.204.212,849758,69237,down,62c59161d23599b198bf0fa0
782,Gigabit,133.170.130.155,227984,406545,up,62c59161d23599b198bf0fa0
783,Gigabit,173.204.245.135,234912,425548,down,62c5918230111335164ffccb
784,Tunnel,41.172.156.43,167703,158332,up,62c59161d23599b198bf0fa0
785,TenGigabit,237.191.211.27,641925,717630,down,62c59176cfdaed0ba7588825
786,Gigabit,24.179.128.126,95520,594721,down,62c59161d23599b198bf0fa0
787,Tunnel,46.211.47.192,563035,258402,up,62c59161d23599b198bf0fa0
788,TenGigabit,183.109.186.65,30177,766677,down,62c5916f338621eece4aa765
789,Gigabit,167.230.241.113,162844,677694,down,62c5917de1c55948d35017d8
790,Tunnel,86.221.150.237,258620,870031,down,62c5916f338621eece4aa765
791,Tunnel,142.79.148.242,302816,308705,up,62c59189dd43c90f89d5c9ff
792,Gigabit,182.92.108.158,424910,469750,up,62c59189dd43c90f89d5c9ff
793,Tunnel,242.20.8.184,964554,116717,down,62c59161d23599b198bf0fa0
794,Gigabit,67.197.179.150,64630,688078,down,62c59161d23599b198bf0fa0
795,Tunnel,158.103.196.33,411003,193695,up,62c59189dd43c90f89d5c9ff
796,Gigabit,59.130.227.105,253169,886172,up,62c5918230111335164ffccb
797,TenGigabit,171.222.102.95,815602,957816,up,62c59161d23599b198bf0fa0
798,TenGigabit,226.255.176.135,430259,843040,up,62c5918230111335164ffccb
799,Gigabit,249.142.169.180,48433,144509,up,62c5916f338621eece4aa765
800,TenGigabit,149.35.153.137,378575,392814,down,62c5917de1c55948d35017d8
801,TenGigabit,124.218.175.91,228028,358380,up,62c59176cfdaed0ba7588825
802,Gigabit,86.41.62.216,17985,697308,down,62c5916f338621eece4aa765
803,Tunnel,99.114.195.143,124631,591738,up,62c59189dd43c90f89d5c9ff
804,Tunnel,104.146.123.88,829131,953910,down,62c5918230111335164ffccb
805,Tunnel,206.151.159.81,145355,893197,up,62c59176cfdaed0ba7588825
806,Tunnel,187.178.114.116,172309,837611,down,62c5918230111335164ffccb
807,TenGigabit,233.32.19.53,591159,866732,down,62c5917de1c55948d35017d8
808,Tunnel,30.168.226.39,304215,158558,up,62c59176cfdaed0ba7588825
809,Gigabit,147.47.237.229,901955,463127,up,62c59189dd43c90f89d5c9ff
810,TenGigabit,90.23.149.142,598747,189352,down,62c5918230111335164ffccb
811,TenGigabit,131.79.70.93,375280,489657,up,62c5918230111335164ffccb
812,Tunnel,206.244.8.0,453501,787990,down,62c5918230111335164ffccb
813,TenGigabit,9.189.143.3,802601,76945,down,62c59161d23599b198bf0fa0
814,Tunnel,157.250.101.134,214067,983181,up,62c59161d23599b198bf0fa0
815,Tunnel,151.169.94.131,348530,530932,up,62c5916f338621eece4aa765
816,Tunnel,158.244.18.25,272182,936473,down,62c59176cfdaed0ba7588825
817,Gigabit,203.182.72.128,82282,766465,up,62c59189dd43c90f89d5c9ff
818,Gigabit,108.1.164.66,539887,550156,up,62c5918230111335164ffccb
819,Tunnel,120.163.247.107,215294,916596,up,62c59161d23599b198bf0fa0
820,TenGigabit,252.212.183.42,486834,835591,up,62c5916f338621eece4aa765
821,Tunnel,234.243.228.69,148152,805888,up,62c5918230111335164ffccb
822,Tunnel,185.254.82.43,94384,748122,up,62c5917de1c55948d35017d8
823,Gigabit,197.185.64.236,551497,240421,up,62c5916f338621eece4aa765
824,Gigabit,74.174.80.111,670186,97511,up,62c5917de1c55948d35017d8
825,Gigabit,46.131.20.62,536788,670687,down,62c59176cfdaed0ba7588825
826,Tunnel,60.184.22.203,563081,183820,up,62c59176cfdaed0ba7588825
827,Tunnel,86.156.188.38,503527,414104,up,62c59161d23599b198bf0fa0
828,Tunnel,131.40.141.114,818069,434919,down,62c59189dd43c90f89d5c9ff
829,Tunnel,132.131.141.4,222638,559687,down,62c5918230111335164ffccb
830,Gigabit,156.251.38.137,874190,769529,down,62c59176cfdaed0ba7588825
831,Tunnel,254.41.160.55,433641,570320,down,62c59176cfdaed0ba7588825
832,Gigabit,157.223.81.135,104275,168821,down,62c5917de1c55948d35017d8
833,TenGigabit,218.80.31.124,797608,200504,up,62c5916f338621eece4aa765
834,Tunnel,13.33.237.135,228190,76512,up,62c59161d23599b198bf0fa0
835,Tunnel,131.177.100.124,701186,895058,down,62c59189dd43c90f89d5c9ff
836,Tunnel,125.239.249.215,59778,237213,up,62c5918230111335164ffccb
837,Tunnel,99.94.109.241,453741,938008,up,62c5918230111335164ffccb
838,Tunnel,122.218.181.184,797564,413819,down,62c59176cfdaed0ba7588825
839,TenGigabit,55.196.249.20,770100,709141,down,62c5916f338621eece4aa765
840,TenGigabit,119.87.230.59,648657,216526,up,62c59189dd43c90f89d5c9ff
841,TenGigabit,249.210.28.161,841861,405417,down,62c59176cfdaed0ba7588825
842,Tunnel,99.54.151.58,666795,98250,up,62c59161d23599b198bf0fa0
843,Tunnel,7.246.140.194,97033,817766,down,62c5917de1c55948d35017d8
844,TenGigabit,195.148.221.248,686330,749245,down,62c59189dd43c90f89d5c9ff
845,Tunnel,202.3.17.30,956572,220002,up,62c59189dd43c90f89d5c9ff
846,Gigabit,198.149.223.84,36643,748710,down,62c59176cfdaed0ba7588825
847,TenGigabit,235.210.133.48,19234,319127,down,62c59189dd43c90f89d5c9ff
848,Gigabit,109.157.4.234,394147,698139,down,62c59161d23599b198bf0fa0
849,Tunnel,58.205.156.198,308200,660914,up,62c5918230111335164ffccb
850,TenGigabit,14.36.246.210,62466,365367,up,62c59176cfdaed0ba7588825
851,Gigabit,139.134.142.143,923281,231728,up,62c5916f338621eece4aa765
852,Gigabit,190.209.183.190,507904,925686,down,62c5917de1c55948d35017d8
853,TenGigabit,4.159.67.170,706693,658562,down,62c5918230111335164ffccb
854,Tunnel,232.32.227.183,663156,390677,down,62c5917de1c55948d35017d8
855,Gigabit,237.237.181.176,576589,463099,up,62c59189dd43c90f89d5c9ff
856,TenGigabit,158.118.90.120,768670,48319,down,62c59176cfdaed0ba7588825
857,Gigabit,90.36.109.79,990036,995514,up,62c5917de1c55948d35017d8
858,Tunnel,253.139.124.227,945736,618119,down,62c5917de1c55948d35017d8
859,Gigabit,136.183.147.30,41468,619888,down,62c5918230111335164ffccb
860,Gigabit,219.238.59.63,74824,465474,down,62c59161d23599b198bf0fa0
861,Tunnel,174.44.53.53,752461,951913,up,62c59176cfdaed0ba7588825
862,Tunnel,223.123.203.99,94422,266471,down,62c5918230111335164ffccb
863,TenGigabit,58.224.92.64,119253,762898,down,62c59161d23599b198bf0fa0
864,Tunnel,9.178.212.87,688681,186074,down,62c5918230111335164ffccb
865,Gigabit,232.72.245.185,739610,355884,down,62c5918230111335164ffccb
866,Tunnel,206.72.230.143,953174,705271,up,62c5918230111335164ffccb
867,TenGigabit,57.239.247.131,409502,849272,down,62c59161d23599b198bf0fa0
868,TenGigabit,41.239.169.129,908169,568139,down,62c59189dd43c90f89d5c9ff
869,Gigabit,111.17.6.153,587677,293323,down,62c59189dd43c90f89d5c9ff
870,TenGigabit,43.223.177.254,552043,845380,down,62c59189dd43c90f89d5c9ff
871,TenGigabit,155.41.196.124,859872,648698,up,62c5918230111335164ffccb
872,Tunnel,125.158.253.12,228594,109906,down,62c5917de1c55948d35017d8
873,Gigabit,147.216.97.56,593135,448408,down,62c59176cfdaed0ba7588825
874,Tunnel,72.22.78.132,959332,833422,up,62c5917de1c55948d35017d8
875,TenGigabit,173.202.42.251,588390,276503,down,62c59161d23599b198bf0fa0
876,TenGigabit,26.230.180.71,209684,272230,down,62c5917de1c55948d35017d8
877,TenGigabit,243.80.174.185,531579,517267,down,62c59161d23599b198bf0fa0
878,Gigabit,133.129.159.237,68456,650782,up,62c59189dd43c90f89d5c9ff
879,Tunnel,255.39.191.110,724535,487010,up,62c59161d23599b198bf0fa0
880,Gigabit,117.14.1.106,549093,728815,up,62c5917de1c55948d35017d8
881,Gigabit,111.167.175.4,736933,224390,down,62c5916f338621eece4aa765
882,TenGigabit,85.179.13.118,739538,978354,up,62c5918230111335164ffccb
883,Tunnel,11.221.163.108,389535,394395,up,62c5916f338621eece4aa765
884,TenGigabit,126.168.119.73,260265,215076,up,62c59176cfdaed0ba7588825
885,Gigabit,67.78.83.86,686908,686683,up,62c59161d23599b198bf0fa0
886,Tunnel,114.89.211.220,203334,55557,down,62c59176cfdaed0ba7588825
887,Gigabit,62.160.186.33,720758,948235,up,62c59161d23599b198bf0fa0
888,Tunnel,85.189.222.127,665172,412933,up,62c5917de1c55948d35017d8
889,Tunnel,206.190.186.154,808518,958661,up,62c5917de1c55948d35017d8
890,Gigabit,172.219.44.131,540612,592406,down,62c5918230111335164ffccb
891,TenGigabit,138.98.92.205,538459,509765,up,62c5918230111335164ffccb
892,Tunnel,123.87.30.248,522915,726461,down,62c59161d23599b198bf0fa0
893,TenGigabit,196.150.181.185,236667,22076,up,62c5917de1c55948d35017d8
894,Tunnel,162.184.126.11,534268,549288,down,62c5918230111335164ffccb
895,TenGigabit,145.85.76.58,645376,82269,up,62c59189dd43c90f89d5c9ff
896,Tunnel,166.9.174.50,494212,52608,down,62c5918230111335164ffccb
897,TenGigabit,231.163.238.40,540703,325140,down,62c59176cfdaed0ba7588825
898,Tunnel,74.118.32.213,824653,430566,down,62c59161d23599b198bf0fa0
899,TenGigabit,234.92.191.43,881808,101945,up,62c59189dd43c90f89d5c9ff
900,Gigabit,96.73.51.192,968048,146720,down,62c59176cfdaed0ba7588825
901,Tunnel,136.156.96.179,692445,713217,down,62c5917de1c55948d35017d8
902,Gigabit,4.177.171.134,18974,507019,up,62c59161d23599b198bf0fa0
903,Tunnel,110.223.40.139,349397,968386,up,62c5918230111335164ffccb
904,TenGigabit,76.146.74.89,821645,58152,up,62c59189dd43c90f89d5c9ff
905,Gigabit,115.141.39.247,445291,213169,up,62c59161d23599b198bf0fa0
906,Tunnel,18.6.57.218,289920,948273,down,62c5916f338621eece4aa765
907,Gigabit,137.77.13.226,972626,586908,up,62c59161d23599b198bf0fa0
908,Tunnel,24.84.255.50,490508,826803,up,62c59176cfdaed0ba7588825
909,TenGigabit,174.15.124.31,604855,703508,down,62c5918230111335164ffccb
910,Tunnel,12.9.96.167,858540,722659,up,62c5918230111335164ffccb
911,Tunnel,202.202.130.59,753040,158793,up,62c5916f338621eece4aa765
912,TenGigabit,250.188.76.15,195679,224840,down,62c59176cfdaed0ba7588825
913,Tunnel,230.175.121.119,991941,646085,down,62c59176cfdaed0ba7588825
914,Tunnel,229.200.253.245,615377,333293,up,62c5918230111335164ffccb
915,Gigabit,92.128.180.185,272764,101895,down,62c59176cfdaed0ba7588825
916,Tunnel,13.200.127.227,549351,10878,up,62c59176cfdaed0ba7588825
917,Gigabit,40.64.141.129,861581,360525,up,62c59189dd43c90f89d5c9ff
918,TenGigabit,206.38.71.121,926905,92386,down,62c5917de1c55948d35017d8
919,TenGigabit,78.198.0.21,677511,81964,up,62c59189dd43c90f89d5c9ff
920,Gigabit,136.136.140.176,503919,325792,down,62c5916f338621eece4aa765
921,Gigabit,90.62.44.199,83159,951392,up,62c5918230111335164ffccb
922,TenGigabit,81.137.83.165,286969,338208,up,62c59176cfdaed0ba7588825
923,TenGigabit,158.144.169.104,977256,710057,up,62c59161d23599b198bf0fa0
924,Tunnel,128.93.231.201,471400,710774,up,62c5916f338621eece4aa765
925,TenGigabit,241.187.127.85,651486,616443,down,62c5918230111335164ffccb
926,Tunnel,33.211.206.131,613027,765818,up,62c5917de1c55948d35017d8
927,TenGigabit,244.240.226.176,458800,151121,up,62c59176cfdaed0ba7588825
928,Tunnel,150.67.239.229,58065,608565,up,62c5918230111335164ffccb
929,Tunnel,50.224.170.208,134689,427792,down,62c5917de1c55948d35017d8
930,Gigabit,23.198.100.173,928765,951396,down,62c59189dd43c90f89d5c9ff
931,Tunnel,185.219.41.203,207784,923310,down,62c59161d23599b198bf0fa0
932,Tunnel,81.162.121.218,30053,334248,down,62c5917de1c55948d35017d8
933,TenGigabit,61.65.150.77,989810,248080,down,62c59161d23599b198bf0fa0
934,TenGigabit,227.202.168.182,559116,630337,up,62c5917de1c55948d35017d8
935,Tunnel,216.225.175.212,278719,680007,up,62c5918230111335164ffccb
936,Tunnel,85.210.115.211,380229,903315,up,62c5918230111335164ffccb
937,Tunnel,219.30.127.184,678665,291479,down,62c5916f338621eece4aa765
938,Gigabit,134.63.223.224,571198,671257,down,62c5916f338621eece4aa765
939,Gigabit,214.44.106.138,735045,337026,up,62c59176cfdaed0ba7588825
940,TenGigabit,12.118.133.173,217036,982174,up,62c5916f338621eece4aa765
941,Gigabit,187.136.133.133,74317,868225,down,62c59161d23599b198bf0fa0
942,TenGigabit,170.38.77.246,106184,497045,down,62c59176cfdaed0ba7588825
943,Gigabit,49.225.101.120,28523,944884,up,62c5916f338621eece4aa765
944,Gigabit,210.24.203.8,249249,94124,down,62c59189dd43c90f89d5c9ff
945,Tunnel,115.248.189.170,959968,386788,up,62c59176cfdaed0ba7588825
946,Tunnel,160.138.97.255,604614,602643,up,62c5918230111335164ffccb
947,TenGigabit,82.180.34.169,379081,913256,up,62c5918230111335164ffccb
948,TenGigabit,208.240.168.85,681590,916204,down,62c5916f338621eece4aa765
949,Tunnel,89.140.33.206,496872,844781,down,62c59161d23599b198bf0fa0
950,Tunnel,191.215.230.198,691590,98551,up,62c59189dd43c90f89d5c9ff
951,Tunnel,214.58.2.49,908600,650647,up,62c5918230111335164ffccb
952,Tunnel,211.144.85.226,415666,705511,up,62c5917de1c55948d35017d8
953,TenGigabit,69.56.106.204,755142,252115,down,62c59189dd43c90f89d5c9ff
954,TenGigabit,175.100.171.137,641642,654439,down,62c59176cfdaed0ba7588825
955,Gigabit,12.184.224.15,688420,859859,down,62c5917de1c55948d35017d8
956,Tunnel,158.126.2.14,826627,10546,up,62c5918230111335164ffccb
957,Tunnel,41.76.212.67,334987,536521,up,62c59176cfdaed0ba7588825
958,Gigabit,227.41.122.108,328674,424058,up,62c59189dd43c90f89d5c9ff
959,Gigabit,209.63.248.138,509469,773115,down,62c59176cfdaed0ba7588825
960,Gigabit,53.99.87.19,267991,490003,down,62c5917de1c55948d35017d8
961,Gigabit,44.105.116.219,477767,480857,up,62c5917de1c55948d35017d8
962,Tunnel,70.182.46.144,511183,894287,down,62c59189dd43c90f89d5c9ff
963,Gigabit,125.58.44.235,78551,533127,down,62c59161d23599b198bf0fa0
964,TenGigabit,121.28.162.207,242055,293007,down,62c59161d23599b198bf0fa0
965,Gigabit,220.19.230.249,148470,173566,down,62c5918230111335164ffccb
966,TenGigabit,76.246.189.75,284351,35,down,62c5916f338621eece4aa765
967,Tunnel,63.115.188.64,387317,303545,down,62c59176cfdaed0ba7588825
968,Gigabit,106.107.178.229,702925,545789,up,62c59189dd43c90f89d5c9ff
969,Tunnel,199.46.34.7,591483,917124,up,62c59161d23599b198bf0fa0
970,Gigabit,23.181.128.116,506749,992595,up,62c59161d23599b198bf0fa0
971,Tunnel,215.3.134.254,775835,705561,up,62c59161d23599b198bf0fa0
972,Gigabit,153.216.94.108,254266,134467,up,62c59189dd43c90f89d5c9ff
973,Gigabit,129.154.131.191,319027,217916,up,62c59189dd43c90f89d5c9ff
974,TenGigabit,96.65.95.133,588595,467897,down,62c59189dd43c90f89d5c9ff
975,Gigabit,128.182.95.192,993818,798361,up,62c5917de1c55948d35017d8
976,Gigabit,18.231.151.4,120176,238594,up,62c5918230111335164ffccb
977,TenGigabit,151.9.54.47,300379,771374,up,62c59189dd43c90f89d5c9ff
978,Tunnel,136.229.144.153,269966,994342,down,62c5916f338621eece4aa765
979,Gigabit,169.245.140.89,772923,468675,down,62c59176cfdaed0ba7588825
980,Tunnel,26.168.194.185,348189,638683,down,62c5918230111335164ffccb
981,Tunnel,44.92.186.56,245287,7940,up,62c59161d23599b198bf0fa0
982,Gigabit,6.100.33.113,587519,637536,down,62c59176cfdaed0ba7588825
983,TenGigabit,21.0.242.217,388155,717072,up,62c5917de1c55948d35017d8
984,Gigabit,224.6.125.87,341228,750483,up,62c5918230111335164ffccb
985,Tunnel,134.62.174.144,146523,78709,up,62c59189dd43c90f89d5c9ff
986,TenGigabit,101.23.218.202,106360,973863,up,62c59176cfdaed0ba7588825
987,Tunnel,14.63.64.162,769462,902333,down,62c5917de1c55948d35017d8
988,Gigabit,223.194.168.194,45056,31988,up,62c59176cfdaed0ba7588825
989,TenGigabit,54.144.194.227,968658,204254,down,62c59161d23599b198bf0fa0
990,TenGigabit,240.240.53.92,499578,672671,up,62c5916f338621eece4aa765
991,TenGigabit,220.2.17.0,290544,554143,up,62c5916f338621eece4aa765
992,TenGigabit,117.110.91.226,600378,891684,down,62c59161d23599b198bf0fa0
993,Gigabit,244.193.3.142,929218,378640,up,62c59189dd43c90f89d5c9ff
994,Gigabit,140.123.204.213,155618,637652,up,62c5916f338621eece4aa765
995,Gigabit,81.131.51.245,833499,316887,down,62c5918230111335164ffccb
996,Tunnel,171.44.52.187,331478,193817,down,62c5917de1c55948d35017d8
997,Tunnel,169.137.229.249,424259,838719,up,62c5916f338621eece4aa765
998,Gigabit,209.153.182.176,273426,686884,down,62c5918230111335164ffccb
999,Gigabit,86.169.189.31,151139,173735,down,62c5918230111335164ffccb
1000,TenGigabit,197.202.42.29,14855,168253,down,62c5916f338621eece4aa765
